{
    "rmse": 136.1863308223455,
    "mae": 66.61657178641381,
    "r2": 0.7685149164243219
}